filename,true_label,source_original_pred,source_adv_pred,source_attack_success,tf2torch_inception_v3_pred,tf2torch_inception_v3_fooled,tf2torch_ens_adv_inc_res_v2_pred,tf2torch_ens_adv_inc_res_v2_fooled
ILSVRC2012_val_00018317.png,1,1,600,True,600,True,1,False
ILSVRC2012_val_00045761.png,2,2,430,True,430,True,2,False
ILSVRC2012_val_00020011.png,3,3,529,True,52,True,3,False
ILSVRC2012_val_00026001.png,4,4,589,True,589,True,4,False
ILSVRC2012_val_00035367.png,5,5,892,True,475,True,5,False
ILSVRC2012_val_00017440.png,6,6,66,True,66,True,6,False
ILSVRC2012_val_00026908.png,7,7,753,True,753,True,7,False
ILSVRC2012_val_00028221.png,8,8,364,True,364,True,8,False
ILSVRC2012_val_00026271.png,9,9,8,True,8,True,9,False
ILSVRC2012_val_00049090.png,10,10,110,True,110,True,10,False
ILSVRC2012_val_00037748.png,11,11,88,True,23,True,11,False
ILSVRC2012_val_00016252.png,12,12,753,True,433,True,12,False
ILSVRC2012_val_00020495.png,13,13,886,True,712,True,13,False
ILSVRC2012_val_00003116.png,14,14,14,False,14,False,14,False
ILSVRC2012_val_00027811.png,15,15,15,False,15,False,15,False
ILSVRC2012_val_00034482.png,16,16,13,True,13,True,16,False
ILSVRC2012_val_00042600.png,17,17,463,True,463,True,17,False
ILSVRC2012_val_00034144.png,18,18,20,True,20,True,18,False
ILSVRC2012_val_00041206.png,19,19,958,True,449,True,19,False
ILSVRC2012_val_00017017.png,20,20,25,True,25,True,20,False
ILSVRC2012_val_00024059.png,21,21,600,True,490,True,21,False
ILSVRC2012_val_00013393.png,22,22,736,True,84,True,22,False
ILSVRC2012_val_00040474.png,23,23,91,True,91,True,23,False
ILSVRC2012_val_00022165.png,24,24,9,True,9,True,24,False
ILSVRC2012_val_00000318.png,25,25,841,True,919,True,25,False
ILSVRC2012_val_00012588.png,26,26,892,True,892,True,26,False
ILSVRC2012_val_00007561.png,27,27,51,True,51,True,27,False
ILSVRC2012_val_00017185.png,28,28,37,True,120,True,28,False
ILSVRC2012_val_00027931.png,29,29,57,True,57,True,29,False
ILSVRC2012_val_00013940.png,30,30,956,True,956,True,30,False
ILSVRC2012_val_00028352.png,31,31,52,True,52,True,31,False
ILSVRC2012_val_00043303.png,32,32,757,True,757,True,32,False
ILSVRC2012_val_00011303.png,33,33,31,True,31,True,33,False
ILSVRC2012_val_00041641.png,34,34,563,True,563,True,34,False
ILSVRC2012_val_00044755.png,35,35,66,True,557,True,981,True
ILSVRC2012_val_00013394.png,36,36,50,True,50,True,36,False
ILSVRC2012_val_00034770.png,37,37,122,True,490,True,34,True
ILSVRC2012_val_00027858.png,38,38,116,True,116,True,38,False
ILSVRC2012_val_00026793.png,39,39,37,True,37,True,39,False
ILSVRC2012_val_00033058.png,40,40,110,True,110,True,40,False
ILSVRC2012_val_00044996.png,41,41,45,True,43,True,41,False
ILSVRC2012_val_00042602.png,42,42,42,False,42,False,42,False
ILSVRC2012_val_00022247.png,43,43,919,True,919,True,43,False
ILSVRC2012_val_00044980.png,44,44,490,True,490,True,44,False
ILSVRC2012_val_00021786.png,45,45,40,True,42,True,45,False
ILSVRC2012_val_00047675.png,46,46,110,True,46,False,46,False
ILSVRC2012_val_00039203.png,47,47,863,True,863,True,47,False
ILSVRC2012_val_00017490.png,48,48,825,True,825,True,48,False
ILSVRC2012_val_00019652.png,49,49,49,False,49,False,49,False
ILSVRC2012_val_00035623.png,50,50,51,True,51,True,51,True
ILSVRC2012_val_00018666.png,51,51,364,True,364,True,50,True
ILSVRC2012_val_00027193.png,52,52,612,True,612,True,52,False
ILSVRC2012_val_00046257.png,53,53,58,True,58,True,53,False
ILSVRC2012_val_00031596.png,54,54,91,True,947,True,54,False
ILSVRC2012_val_00039732.png,55,55,56,True,56,True,55,False
ILSVRC2012_val_00030719.png,56,56,489,True,489,True,56,False
ILSVRC2012_val_00005676.png,57,57,57,False,57,False,57,False
ILSVRC2012_val_00006699.png,58,58,108,True,108,True,58,False
ILSVRC2012_val_00034970.png,59,59,329,True,329,True,59,False
ILSVRC2012_val_00002439.png,60,60,863,True,863,True,60,False
ILSVRC2012_val_00033547.png,61,61,58,True,58,True,61,False
ILSVRC2012_val_00013730.png,62,62,813,True,813,True,62,False
ILSVRC2012_val_00017927.png,63,63,62,True,62,True,63,False
ILSVRC2012_val_00049823.png,64,64,525,True,651,True,64,False
ILSVRC2012_val_00028197.png,65,56,892,True,892,True,65,False
ILSVRC2012_val_00000324.png,66,66,792,True,535,True,66,False
ILSVRC2012_val_00046538.png,67,67,68,True,68,True,67,False
ILSVRC2012_val_00038068.png,68,68,69,True,69,True,68,False
ILSVRC2012_val_00024609.png,69,69,507,True,507,True,69,False
ILSVRC2012_val_00015756.png,70,70,773,True,773,True,70,False
ILSVRC2012_val_00037311.png,71,71,885,True,854,True,71,False
ILSVRC2012_val_00043197.png,72,72,698,True,698,True,72,False
ILSVRC2012_val_00003008.png,73,73,665,True,665,True,73,False
ILSVRC2012_val_00023692.png,74,74,362,True,362,True,74,False
ILSVRC2012_val_00046384.png,75,75,953,True,953,True,75,False
ILSVRC2012_val_00016936.png,76,76,76,False,76,False,76,False
ILSVRC2012_val_00041311.png,77,77,188,True,188,True,77,False
ILSVRC2012_val_00010801.png,78,78,74,True,74,True,78,False
ILSVRC2012_val_00032783.png,79,79,999,True,999,True,79,False
ILSVRC2012_val_00005072.png,80,80,397,True,397,True,80,False
ILSVRC2012_val_00007126.png,81,81,246,True,246,True,81,False
ILSVRC2012_val_00009827.png,82,82,37,True,462,True,82,False
ILSVRC2012_val_00036573.png,83,83,116,True,116,True,83,False
ILSVRC2012_val_00033098.png,84,84,364,True,84,False,84,False
ILSVRC2012_val_00022767.png,85,85,553,True,553,True,85,False
ILSVRC2012_val_00043990.png,86,86,816,True,816,True,86,False
ILSVRC2012_val_00043041.png,87,87,430,True,430,True,87,False
ILSVRC2012_val_00049962.png,88,88,974,True,612,True,88,False
ILSVRC2012_val_00012864.png,89,89,701,True,856,True,89,False
ILSVRC2012_val_00041041.png,90,90,992,True,992,True,90,False
ILSVRC2012_val_00007778.png,91,91,471,True,912,True,91,False
ILSVRC2012_val_00044108.png,92,92,612,True,612,True,92,False
ILSVRC2012_val_00040014.png,93,93,317,True,317,True,93,False
ILSVRC2012_val_00048549.png,94,94,882,True,771,True,94,False
ILSVRC2012_val_00023796.png,95,95,701,True,892,True,95,False
ILSVRC2012_val_00011315.png,96,96,863,True,863,True,96,False
ILSVRC2012_val_00036354.png,97,97,91,True,91,True,97,False
ILSVRC2012_val_00022364.png,98,98,231,True,878,True,98,False
ILSVRC2012_val_00036162.png,99,99,98,True,98,True,99,False
ILSVRC2012_val_00029785.png,100,100,82,True,19,True,100,False
ILSVRC2012_val_00009998.png,101,101,54,True,59,True,101,False
ILSVRC2012_val_00036826.png,102,102,64,True,49,True,102,False
ILSVRC2012_val_00030772.png,103,103,335,True,335,True,103,False
ILSVRC2012_val_00042336.png,104,104,829,True,110,True,104,False
ILSVRC2012_val_00046362.png,105,105,291,True,289,True,105,False
ILSVRC2012_val_00015072.png,106,106,988,True,106,False,106,False
ILSVRC2012_val_00015717.png,107,107,589,True,50,True,107,False
ILSVRC2012_val_00038400.png,108,108,364,True,364,True,108,False
ILSVRC2012_val_00012332.png,109,109,395,True,395,True,109,False
ILSVRC2012_val_00017794.png,110,110,110,False,110,False,110,False
ILSVRC2012_val_00033409.png,111,111,110,True,110,True,111,False
ILSVRC2012_val_00026452.png,112,112,701,True,701,True,112,False
ILSVRC2012_val_00028654.png,113,113,557,True,689,True,113,False
ILSVRC2012_val_00030012.png,114,114,50,True,50,True,114,False
ILSVRC2012_val_00018757.png,115,115,364,True,364,True,115,False
ILSVRC2012_val_00008160.png,116,116,784,True,816,True,116,False
ILSVRC2012_val_00028345.png,117,117,988,True,988,True,117,False
ILSVRC2012_val_00034644.png,118,118,328,True,328,True,118,False
ILSVRC2012_val_00040764.png,119,119,956,True,49,True,119,False
ILSVRC2012_val_00011071.png,120,120,214,True,125,True,72,True
ILSVRC2012_val_00017911.png,121,121,72,True,72,True,121,False
ILSVRC2012_val_00023264.png,122,122,364,True,364,True,122,False
ILSVRC2012_val_00046975.png,123,123,988,True,988,True,123,False
ILSVRC2012_val_00012455.png,124,124,125,True,125,True,124,False
ILSVRC2012_val_00049661.png,125,125,117,True,117,True,125,False
ILSVRC2012_val_00031943.png,126,126,864,True,644,True,126,False
ILSVRC2012_val_00042774.png,127,127,39,True,619,True,127,False
ILSVRC2012_val_00026340.png,128,128,133,True,133,True,128,False
ILSVRC2012_val_00026338.png,129,129,129,False,129,False,129,False
ILSVRC2012_val_00013256.png,130,130,328,True,328,True,130,False
ILSVRC2012_val_00000356.png,131,131,24,True,24,True,131,False
ILSVRC2012_val_00033760.png,132,132,132,False,132,False,132,False
ILSVRC2012_val_00026861.png,133,133,814,True,814,True,133,False
ILSVRC2012_val_00042966.png,134,134,15,True,279,True,134,False
ILSVRC2012_val_00037379.png,135,135,397,True,809,True,135,False
ILSVRC2012_val_00019998.png,136,136,130,True,130,True,136,False
ILSVRC2012_val_00024020.png,137,137,341,True,341,True,137,False
ILSVRC2012_val_00006814.png,138,138,98,True,98,True,138,False
ILSVRC2012_val_00038522.png,139,139,139,False,135,True,139,False
ILSVRC2012_val_00042705.png,140,140,141,True,141,True,140,False
ILSVRC2012_val_00003964.png,141,141,364,True,364,True,141,False
ILSVRC2012_val_00000470.png,142,142,142,False,142,False,142,False
ILSVRC2012_val_00029913.png,143,143,535,True,792,True,143,False
ILSVRC2012_val_00011052.png,144,144,192,True,229,True,144,False
ILSVRC2012_val_00043841.png,145,145,328,True,328,True,145,False
ILSVRC2012_val_00047685.png,146,146,701,True,701,True,146,False
ILSVRC2012_val_00031023.png,147,147,144,True,144,True,147,False
ILSVRC2012_val_00041029.png,148,148,456,True,456,True,148,False
ILSVRC2012_val_00028941.png,149,149,364,True,38,True,149,False
ILSVRC2012_val_00022669.png,150,150,364,True,364,True,150,False
ILSVRC2012_val_00046758.png,151,151,110,True,110,True,5,True
ILSVRC2012_val_00039439.png,152,152,806,True,535,True,152,False
ILSVRC2012_val_00037960.png,153,153,939,True,939,True,155,True
ILSVRC2012_val_00039695.png,154,154,223,True,223,True,258,True
ILSVRC2012_val_00001069.png,155,155,786,True,786,True,155,False
ILSVRC2012_val_00012394.png,156,156,863,True,919,True,156,False
ILSVRC2012_val_00022521.png,157,157,157,False,157,False,157,False
ILSVRC2012_val_00028429.png,158,158,37,True,158,False,158,False
ILSVRC2012_val_00020963.png,159,159,250,True,250,True,159,False
ILSVRC2012_val_00017792.png,160,160,892,True,892,True,169,True
ILSVRC2012_val_00029056.png,161,161,222,True,222,True,161,False
ILSVRC2012_val_00025539.png,162,162,432,True,670,True,162,False
ILSVRC2012_val_00031220.png,163,163,957,True,957,True,163,False
ILSVRC2012_val_00044554.png,164,164,364,True,364,True,164,False
ILSVRC2012_val_00013962.png,165,165,55,True,55,True,211,True
ILSVRC2012_val_00045878.png,166,166,919,True,919,True,235,True
ILSVRC2012_val_00042394.png,167,167,219,True,219,True,163,True
ILSVRC2012_val_00018649.png,168,168,358,True,300,True,168,False
ILSVRC2012_val_00011176.png,169,169,919,True,516,True,169,False
ILSVRC2012_val_00040878.png,170,170,362,True,362,True,170,False
ILSVRC2012_val_00011311.png,171,171,215,True,215,True,171,False
ILSVRC2012_val_00012416.png,172,172,213,True,213,True,172,False
ILSVRC2012_val_00012644.png,173,173,254,True,172,True,173,False
ILSVRC2012_val_00004434.png,174,174,364,True,364,True,174,False
ILSVRC2012_val_00010665.png,175,175,957,True,954,True,175,False
ILSVRC2012_val_00002059.png,176,176,266,True,266,True,176,False
ILSVRC2012_val_00041908.png,177,177,364,True,364,True,177,False
ILSVRC2012_val_00031364.png,178,178,161,True,988,True,178,False
ILSVRC2012_val_00021668.png,179,179,213,True,213,True,247,True
ILSVRC2012_val_00000248.png,180,180,181,True,247,True,180,False
ILSVRC2012_val_00004947.png,181,181,243,True,243,True,181,False
ILSVRC2012_val_00004342.png,182,182,190,True,190,True,182,False
ILSVRC2012_val_00025302.png,183,183,244,True,244,True,183,False
ILSVRC2012_val_00001929.png,184,184,546,True,546,True,197,True
ILSVRC2012_val_00040915.png,185,185,192,True,192,True,185,False
ILSVRC2012_val_00014810.png,186,186,221,True,221,True,186,False
ILSVRC2012_val_00038457.png,187,187,960,True,960,True,187,False
ILSVRC2012_val_00044200.png,188,188,202,True,202,True,188,False
ILSVRC2012_val_00030776.png,189,189,204,True,204,True,189,False
ILSVRC2012_val_00004968.png,190,190,190,False,190,False,190,False
ILSVRC2012_val_00031845.png,191,191,268,True,268,True,191,False
ILSVRC2012_val_00042855.png,192,192,200,True,185,True,192,False
ILSVRC2012_val_00037723.png,193,193,183,True,183,True,193,False
ILSVRC2012_val_00032563.png,194,194,183,True,183,True,194,False
ILSVRC2012_val_00026267.png,195,195,201,True,201,True,195,False
ILSVRC2012_val_00004941.png,196,196,265,True,243,True,196,False
ILSVRC2012_val_00034118.png,197,197,183,True,183,True,197,False
ILSVRC2012_val_00032524.png,198,198,110,True,110,True,198,False
ILSVRC2012_val_00015592.png,199,199,199,False,199,False,199,False
ILSVRC2012_val_00003232.png,200,200,546,True,227,True,200,False
ILSVRC2012_val_00002630.png,201,201,218,True,218,True,201,False
ILSVRC2012_val_00033775.png,202,202,665,True,479,True,186,True
ILSVRC2012_val_00003198.png,203,203,185,True,194,True,203,False
ILSVRC2012_val_00027017.png,204,204,183,True,183,True,193,True
ILSVRC2012_val_00033763.png,205,205,283,True,283,True,205,False
ILSVRC2012_val_00013712.png,206,206,222,True,222,True,198,True
ILSVRC2012_val_00038920.png,207,207,933,True,222,True,207,False
ILSVRC2012_val_00034584.png,208,208,51,True,698,True,208,False
ILSVRC2012_val_00008346.png,209,209,244,True,244,True,209,False
ILSVRC2012_val_00040639.png,210,210,211,True,209,True,210,False
ILSVRC2012_val_00038044.png,211,211,954,True,999,True,211,False
ILSVRC2012_val_00017439.png,212,212,919,True,509,True,212,False
ILSVRC2012_val_00031785.png,213,213,252,True,252,True,213,False
ILSVRC2012_val_00009476.png,214,214,757,True,757,True,214,False
ILSVRC2012_val_00014745.png,215,215,222,True,222,True,215,False
ILSVRC2012_val_00013927.png,216,216,217,True,217,True,216,False
ILSVRC2012_val_00025471.png,217,217,217,False,217,False,217,False
ILSVRC2012_val_00014125.png,218,218,287,True,297,True,218,False
ILSVRC2012_val_00002353.png,219,219,216,True,216,True,219,False
ILSVRC2012_val_00041928.png,220,220,220,False,220,False,220,False
ILSVRC2012_val_00025181.png,221,221,221,False,221,False,221,False
ILSVRC2012_val_00047110.png,222,222,70,True,80,True,222,False
ILSVRC2012_val_00025006.png,223,223,213,True,213,True,213,True
ILSVRC2012_val_00013489.png,224,224,250,True,250,True,224,False
ILSVRC2012_val_00010928.png,225,225,291,True,289,True,225,False
ILSVRC2012_val_00011323.png,226,226,202,True,202,True,226,False
ILSVRC2012_val_00027053.png,227,227,161,True,201,True,227,False
ILSVRC2012_val_00043878.png,228,228,227,True,227,True,228,False
ILSVRC2012_val_00029214.png,229,229,171,True,171,True,229,False
ILSVRC2012_val_00030831.png,230,230,204,True,204,True,230,False
ILSVRC2012_val_00017879.png,231,231,232,True,232,True,231,False
ILSVRC2012_val_00027165.png,232,232,435,True,260,True,232,False
ILSVRC2012_val_00034069.png,233,233,218,True,218,True,233,False
ILSVRC2012_val_00016409.png,234,234,220,True,220,True,234,False
ILSVRC2012_val_00034429.png,235,235,162,True,231,True,235,False
ILSVRC2012_val_00024896.png,236,236,206,True,206,True,236,False
ILSVRC2012_val_00017646.png,237,237,919,True,919,True,237,False
ILSVRC2012_val_00035233.png,238,238,892,True,892,True,237,True
ILSVRC2012_val_00021196.png,239,239,546,True,507,True,165,True
ILSVRC2012_val_00005175.png,240,240,939,True,190,True,230,True
ILSVRC2012_val_00045080.png,241,241,252,True,252,True,241,False
ILSVRC2012_val_00032522.png,242,242,241,True,241,True,242,False
ILSVRC2012_val_00013856.png,243,243,844,True,844,True,243,False
ILSVRC2012_val_00017075.png,244,244,152,True,152,True,244,False
ILSVRC2012_val_00043131.png,245,245,892,True,892,True,245,False
ILSVRC2012_val_00026918.png,246,246,799,True,701,True,246,False
ILSVRC2012_val_00043452.png,247,247,546,True,25,True,247,False
ILSVRC2012_val_00002609.png,248,248,600,True,600,True,248,False
ILSVRC2012_val_00009157.png,249,249,721,True,721,True,251,True
ILSVRC2012_val_00009416.png,250,250,270,True,270,True,250,False
ILSVRC2012_val_00044104.png,251,251,972,True,841,True,251,False
ILSVRC2012_val_00022581.png,252,252,313,True,644,True,252,False
ILSVRC2012_val_00027947.png,253,253,25,True,25,True,253,False
ILSVRC2012_val_00043319.png,254,254,228,True,228,True,254,False
ILSVRC2012_val_00039291.png,255,255,57,True,57,True,255,False
ILSVRC2012_val_00013159.png,256,256,176,True,176,True,256,False
ILSVRC2012_val_00023569.png,257,257,244,True,244,True,257,False
ILSVRC2012_val_00036918.png,258,258,183,True,205,True,258,False
ILSVRC2012_val_00042625.png,259,259,280,True,280,True,259,False
ILSVRC2012_val_00021540.png,260,260,9,True,535,True,260,False
ILSVRC2012_val_00045687.png,261,261,158,True,158,True,261,False
ILSVRC2012_val_00016303.png,262,262,193,True,193,True,262,False
ILSVRC2012_val_00044473.png,263,263,155,True,155,True,263,False
ILSVRC2012_val_00023546.png,264,264,589,True,851,True,264,False
ILSVRC2012_val_00001686.png,265,265,218,True,218,True,265,False
ILSVRC2012_val_00012039.png,266,266,266,False,266,False,266,False
ILSVRC2012_val_00030403.png,267,267,266,True,266,True,267,False
ILSVRC2012_val_00016697.png,268,268,154,True,154,True,268,False
ILSVRC2012_val_00026509.png,269,269,110,True,110,True,269,False
ILSVRC2012_val_00011188.png,270,270,737,True,737,True,270,False
ILSVRC2012_val_00013358.png,271,271,659,True,659,True,280,True
ILSVRC2012_val_00037617.png,272,272,68,True,328,True,272,False
ILSVRC2012_val_00028916.png,273,273,270,True,270,True,273,False
ILSVRC2012_val_00030693.png,274,274,272,True,272,True,274,False
ILSVRC2012_val_00001148.png,275,275,161,True,275,False,275,False
ILSVRC2012_val_00022432.png,276,276,222,True,222,True,276,False
ILSVRC2012_val_00021035.png,277,277,825,True,825,True,277,False
ILSVRC2012_val_00014798.png,278,278,956,True,956,True,278,False
ILSVRC2012_val_00033561.png,279,279,540,True,540,True,279,False
ILSVRC2012_val_00034065.png,280,280,364,True,364,True,280,False
ILSVRC2012_val_00026842.png,281,281,232,True,232,True,281,False
ILSVRC2012_val_00045239.png,282,282,589,True,589,True,282,False
ILSVRC2012_val_00000796.png,283,283,814,True,814,True,283,False
ILSVRC2012_val_00015898.png,284,284,213,True,213,True,284,False
ILSVRC2012_val_00039931.png,285,285,701,True,701,True,285,False
ILSVRC2012_val_00005207.png,286,286,70,True,70,True,282,True
ILSVRC2012_val_00021045.png,287,287,957,True,957,True,287,False
ILSVRC2012_val_00049483.png,288,288,751,True,282,True,288,False
ILSVRC2012_val_00030737.png,289,289,294,True,294,True,289,False
ILSVRC2012_val_00026982.png,290,290,215,True,383,True,290,False
ILSVRC2012_val_00049347.png,291,291,289,True,289,True,289,True
ILSVRC2012_val_00001359.png,292,292,290,True,290,True,292,False
ILSVRC2012_val_00023810.png,293,293,612,True,364,True,293,False
ILSVRC2012_val_00029216.png,294,294,46,True,294,False,294,False
ILSVRC2012_val_00015955.png,295,295,612,True,612,True,295,False
ILSVRC2012_val_00048118.png,296,296,919,True,277,True,296,False
ILSVRC2012_val_00019930.png,297,297,892,True,659,True,297,False
ILSVRC2012_val_00032283.png,298,298,736,True,736,True,257,True
ILSVRC2012_val_00018630.png,299,299,988,True,988,True,299,False
ILSVRC2012_val_00047118.png,300,300,384,True,384,True,300,False
ILSVRC2012_val_00021653.png,301,301,28,True,28,True,301,False
ILSVRC2012_val_00031140.png,302,302,974,True,75,True,302,False
ILSVRC2012_val_00009626.png,303,303,553,True,255,True,303,False
ILSVRC2012_val_00045848.png,304,304,791,True,589,True,304,False
ILSVRC2012_val_00036613.png,305,305,51,True,51,True,305,False
ILSVRC2012_val_00013351.png,306,306,938,True,938,True,306,False
ILSVRC2012_val_00004339.png,307,307,307,False,307,False,307,False
ILSVRC2012_val_00028453.png,308,308,309,True,318,True,308,False
ILSVRC2012_val_00040397.png,309,309,701,True,863,True,317,True
ILSVRC2012_val_00020657.png,310,310,773,True,773,True,310,False
ILSVRC2012_val_00003814.png,311,311,814,True,488,True,311,False
ILSVRC2012_val_00022737.png,312,312,313,True,313,True,312,False
ILSVRC2012_val_00018535.png,313,313,110,True,110,True,313,False
ILSVRC2012_val_00016740.png,314,314,911,True,911,True,314,False
ILSVRC2012_val_00021755.png,315,315,886,True,886,True,315,False
ILSVRC2012_val_00017115.png,316,316,919,True,325,True,316,False
ILSVRC2012_val_00044407.png,317,317,252,True,252,True,317,False
ILSVRC2012_val_00029444.png,318,318,349,True,869,True,318,False
ILSVRC2012_val_00047939.png,319,319,612,True,85,True,319,False
ILSVRC2012_val_00046425.png,320,320,321,True,321,True,321,True
ILSVRC2012_val_00042764.png,321,321,301,True,320,True,321,False
ILSVRC2012_val_00008693.png,322,322,110,True,110,True,322,False
ILSVRC2012_val_00030779.png,323,323,323,False,323,False,323,False
ILSVRC2012_val_00011374.png,324,324,328,True,328,True,324,False
ILSVRC2012_val_00039335.png,325,325,841,True,841,True,325,False
ILSVRC2012_val_00034368.png,326,326,71,True,71,True,326,False
ILSVRC2012_val_00043218.png,327,327,325,True,325,True,327,False
ILSVRC2012_val_00001161.png,328,328,111,True,116,True,328,False
ILSVRC2012_val_00028454.png,329,329,364,True,364,True,329,False
ILSVRC2012_val_00036810.png,330,330,110,True,110,True,330,False
ILSVRC2012_val_00033548.png,331,331,817,True,817,True,331,False
ILSVRC2012_val_00023041.png,332,332,957,True,957,True,332,False
ILSVRC2012_val_00032730.png,333,333,956,True,956,True,333,False
ILSVRC2012_val_00013528.png,334,334,546,True,869,True,334,False
ILSVRC2012_val_00044646.png,335,335,299,True,335,False,335,False
ILSVRC2012_val_00038993.png,336,336,689,True,689,True,336,False
ILSVRC2012_val_00018582.png,337,337,535,True,110,True,337,False
ILSVRC2012_val_00003202.png,338,338,376,True,376,True,338,False
ILSVRC2012_val_00003675.png,339,339,546,True,886,True,339,False
ILSVRC2012_val_00017532.png,340,340,355,True,355,True,340,False
ILSVRC2012_val_00018423.png,341,341,341,False,341,False,341,False
ILSVRC2012_val_00026390.png,342,342,283,True,282,True,265,True
ILSVRC2012_val_00025142.png,343,343,825,True,396,True,343,False
ILSVRC2012_val_00025638.png,344,344,52,True,52,True,344,False
ILSVRC2012_val_00036081.png,345,345,376,True,376,True,345,False
ILSVRC2012_val_00004838.png,346,346,364,True,40,True,347,True
ILSVRC2012_val_00037946.png,347,347,364,True,364,True,344,True
ILSVRC2012_val_00032942.png,348,348,222,True,222,True,348,False
ILSVRC2012_val_00038653.png,349,349,933,True,933,True,349,False
ILSVRC2012_val_00039697.png,350,350,279,True,279,True,350,False
ILSVRC2012_val_00001885.png,351,351,563,True,563,True,351,False
ILSVRC2012_val_00017389.png,352,352,110,True,110,True,352,False
ILSVRC2012_val_00032385.png,353,353,110,True,110,True,353,False
ILSVRC2012_val_00046413.png,354,354,535,True,773,True,354,False
ILSVRC2012_val_00015861.png,355,355,213,True,213,True,355,False
ILSVRC2012_val_00001050.png,356,356,670,True,670,True,356,False
ILSVRC2012_val_00048496.png,357,357,364,True,364,True,357,False
ILSVRC2012_val_00005621.png,358,358,358,False,358,False,358,False
ILSVRC2012_val_00010052.png,359,359,665,True,415,True,359,False
ILSVRC2012_val_00036771.png,360,360,359,True,359,True,360,False
ILSVRC2012_val_00016202.png,361,361,809,True,809,True,361,False
ILSVRC2012_val_00000446.png,362,362,960,True,110,True,362,False
ILSVRC2012_val_00012860.png,363,363,600,True,490,True,363,False
ILSVRC2012_val_00018994.png,364,364,295,True,295,True,364,False
ILSVRC2012_val_00035990.png,365,365,957,True,957,True,77,True
ILSVRC2012_val_00047956.png,366,366,319,True,317,True,366,False
ILSVRC2012_val_00028177.png,367,367,751,True,751,True,367,False
ILSVRC2012_val_00008889.png,368,368,364,True,364,True,368,False
ILSVRC2012_val_00004058.png,369,369,36,True,110,True,369,False
ILSVRC2012_val_00008179.png,370,370,290,True,290,True,370,False
ILSVRC2012_val_00046645.png,371,371,370,True,370,True,371,False
ILSVRC2012_val_00007845.png,372,372,378,True,378,True,372,False
ILSVRC2012_val_00032732.png,373,373,791,True,791,True,373,False
ILSVRC2012_val_00045230.png,374,374,959,True,959,True,374,False
ILSVRC2012_val_00044914.png,375,375,110,True,110,True,375,False
ILSVRC2012_val_00028585.png,376,376,64,True,48,True,376,False
ILSVRC2012_val_00018749.png,377,377,377,False,377,False,377,False
ILSVRC2012_val_00006014.png,378,378,110,True,110,True,378,False
ILSVRC2012_val_00047365.png,379,379,382,True,382,True,379,False
ILSVRC2012_val_00007297.png,380,380,51,True,51,True,380,False
ILSVRC2012_val_00033927.png,381,381,364,True,364,True,381,False
ILSVRC2012_val_00026217.png,382,382,283,True,282,True,374,True
ILSVRC2012_val_00047853.png,383,383,430,True,430,True,383,False
ILSVRC2012_val_00001054.png,384,384,385,True,385,True,384,False
ILSVRC2012_val_00046745.png,385,385,957,True,957,True,385,False
ILSVRC2012_val_00040258.png,386,386,475,True,475,True,386,False
ILSVRC2012_val_00038578.png,387,387,219,True,219,True,387,False
ILSVRC2012_val_00014686.png,388,388,231,True,231,True,388,False
ILSVRC2012_val_00048200.png,389,389,944,True,294,True,218,True
ILSVRC2012_val_00012982.png,390,390,490,True,392,True,390,False
ILSVRC2012_val_00032579.png,391,391,328,True,328,True,391,False
ILSVRC2012_val_00047174.png,392,392,933,True,933,True,392,False
ILSVRC2012_val_00008724.png,393,393,91,True,91,True,393,False
ILSVRC2012_val_00034042.png,394,394,398,True,398,True,394,False
ILSVRC2012_val_00031255.png,395,395,395,False,395,False,395,False
ILSVRC2012_val_00033541.png,396,396,395,True,395,True,396,False
ILSVRC2012_val_00009165.png,397,397,397,False,397,False,397,False
ILSVRC2012_val_00019403.png,398,398,122,True,122,True,398,False
ILSVRC2012_val_00002148.png,399,399,807,True,807,True,399,False
ILSVRC2012_val_00005187.png,400,400,708,True,708,True,400,False
ILSVRC2012_val_00021881.png,401,401,535,True,535,True,401,False
ILSVRC2012_val_00013625.png,402,402,792,True,792,True,402,False
ILSVRC2012_val_00041930.png,403,403,637,True,894,True,403,False
ILSVRC2012_val_00033900.png,404,404,643,True,643,True,404,False
ILSVRC2012_val_00046971.png,405,405,406,True,406,True,405,False
ILSVRC2012_val_00010147.png,406,406,406,False,406,False,406,False
ILSVRC2012_val_00044658.png,407,407,535,True,699,True,858,True
ILSVRC2012_val_00024296.png,408,408,806,True,806,True,408,False
ILSVRC2012_val_00008360.png,409,409,587,True,587,True,409,False
ILSVRC2012_val_00015108.png,410,410,255,True,799,True,410,False
ILSVRC2012_val_00002391.png,411,411,955,True,955,True,411,False
ILSVRC2012_val_00042510.png,412,412,652,True,652,True,825,True
ILSVRC2012_val_00010877.png,413,413,919,True,863,True,413,False
ILSVRC2012_val_00014056.png,414,414,765,True,765,True,414,False
ILSVRC2012_val_00042327.png,415,415,390,True,814,True,415,False
ILSVRC2012_val_00021256.png,416,416,858,True,861,True,416,False
ILSVRC2012_val_00039129.png,417,417,807,True,807,True,603,True
ILSVRC2012_val_00040361.png,418,418,524,True,524,True,418,False
ILSVRC2012_val_00010497.png,419,419,535,True,897,True,419,False
ILSVRC2012_val_00006039.png,420,420,314,True,998,True,420,False
ILSVRC2012_val_00013131.png,421,421,814,True,814,True,421,False
ILSVRC2012_val_00023325.png,422,422,578,True,578,True,422,False
ILSVRC2012_val_00037608.png,423,423,403,True,403,True,423,False
ILSVRC2012_val_00043116.png,424,424,701,True,199,True,424,False
ILSVRC2012_val_00000076.png,425,425,187,True,612,True,425,False
ILSVRC2012_val_00019730.png,426,426,638,True,638,True,426,False
ILSVRC2012_val_00003043.png,427,427,465,True,788,True,427,False
ILSVRC2012_val_00000787.png,428,428,665,True,869,True,428,False
ILSVRC2012_val_00048739.png,429,429,589,True,589,True,429,False
ILSVRC2012_val_00026506.png,430,430,692,True,692,True,430,False
ILSVRC2012_val_00034473.png,431,431,411,True,411,True,431,False
ILSVRC2012_val_00047642.png,432,432,372,True,77,True,432,False
ILSVRC2012_val_00029252.png,433,433,863,True,863,True,433,False
ILSVRC2012_val_00039810.png,434,434,950,True,950,True,434,False
ILSVRC2012_val_00027792.png,435,435,701,True,701,True,435,False
ILSVRC2012_val_00028638.png,436,436,648,True,648,True,436,False
ILSVRC2012_val_00037160.png,437,437,610,True,610,True,437,False
ILSVRC2012_val_00035911.png,438,438,328,True,328,True,438,False
ILSVRC2012_val_00034097.png,439,439,740,True,515,True,439,False
ILSVRC2012_val_00025841.png,440,440,700,True,700,True,440,False
ILSVRC2012_val_00035507.png,441,441,542,True,542,True,441,False
ILSVRC2012_val_00039742.png,442,442,919,True,919,True,442,False
ILSVRC2012_val_00037196.png,443,443,863,True,490,True,443,False
ILSVRC2012_val_00013154.png,444,444,665,True,665,True,444,False
ILSVRC2012_val_00026250.png,445,445,50,True,50,True,445,False
ILSVRC2012_val_00029050.png,446,446,110,True,110,True,446,False
ILSVRC2012_val_00034050.png,447,447,540,True,540,True,922,True
ILSVRC2012_val_00046109.png,448,448,812,True,829,True,448,False
ILSVRC2012_val_00004330.png,449,449,742,True,742,True,664,True
ILSVRC2012_val_00021432.png,450,450,51,True,293,True,450,False
ILSVRC2012_val_00045079.png,451,451,919,True,919,True,451,False
ILSVRC2012_val_00033619.png,452,452,753,True,753,True,452,False
ILSVRC2012_val_00005523.png,453,453,50,True,34,True,183,True
ILSVRC2012_val_00003502.png,454,454,597,True,888,True,454,False
ILSVRC2012_val_00046690.png,455,455,698,True,698,True,866,True
ILSVRC2012_val_00021639.png,456,456,939,True,939,True,456,False
ILSVRC2012_val_00006182.png,457,457,647,True,647,True,457,False
ILSVRC2012_val_00039746.png,458,458,420,True,420,True,458,False
ILSVRC2012_val_00019749.png,459,459,459,False,459,False,459,False
ILSVRC2012_val_00029303.png,460,460,452,True,452,True,460,False
ILSVRC2012_val_00002469.png,461,461,557,True,557,True,461,False
ILSVRC2012_val_00039079.png,462,462,364,True,364,True,462,False
ILSVRC2012_val_00041911.png,463,463,37,True,37,True,463,False
ILSVRC2012_val_00022064.png,464,464,816,True,816,True,464,False
ILSVRC2012_val_00009444.png,465,465,515,True,515,True,465,False
ILSVRC2012_val_00031560.png,466,466,701,True,701,True,466,False
ILSVRC2012_val_00033558.png,467,467,892,True,892,True,467,False
ILSVRC2012_val_00019799.png,468,468,753,True,753,True,468,False
ILSVRC2012_val_00024931.png,469,469,225,True,593,True,469,False
ILSVRC2012_val_00009140.png,470,470,892,True,892,True,470,False
ILSVRC2012_val_00008717.png,471,471,647,True,647,True,471,False
ILSVRC2012_val_00032815.png,472,472,880,True,880,True,472,False
ILSVRC2012_val_00024906.png,473,473,490,True,490,True,473,False
ILSVRC2012_val_00015663.png,474,474,778,True,778,True,513,True
ILSVRC2012_val_00001299.png,475,475,525,True,525,True,475,False
ILSVRC2012_val_00012473.png,476,476,829,True,829,True,476,False
ILSVRC2012_val_00040917.png,477,477,806,True,806,True,477,False
ILSVRC2012_val_00030460.png,478,478,785,True,397,True,478,False
ILSVRC2012_val_00000019.png,479,479,701,True,701,True,479,False
ILSVRC2012_val_00004412.png,480,480,104,True,507,True,480,False
ILSVRC2012_val_00036406.png,481,481,465,True,465,True,638,True
ILSVRC2012_val_00042137.png,482,482,860,True,860,True,482,False
ILSVRC2012_val_00012468.png,483,483,486,True,486,True,486,True
ILSVRC2012_val_00003916.png,484,484,428,True,428,True,484,False
ILSVRC2012_val_00032462.png,485,485,515,True,515,True,872,True
ILSVRC2012_val_00020817.png,486,486,637,True,637,True,486,False
ILSVRC2012_val_00012115.png,487,487,863,True,863,True,487,False
ILSVRC2012_val_00033654.png,488,488,508,True,508,True,488,False
ILSVRC2012_val_00046589.png,489,489,617,True,617,True,489,False
ILSVRC2012_val_00041954.png,490,490,956,True,956,True,490,False
ILSVRC2012_val_00024629.png,491,491,850,True,493,True,491,False
ILSVRC2012_val_00007460.png,492,492,564,True,564,True,492,False
ILSVRC2012_val_00015177.png,493,493,294,True,294,True,493,False
ILSVRC2012_val_00007893.png,494,494,170,True,750,True,494,False
ILSVRC2012_val_00038376.png,495,495,692,True,415,True,495,False
ILSVRC2012_val_00028487.png,496,496,665,True,665,True,496,False
ILSVRC2012_val_00005832.png,497,497,817,True,817,True,497,False
ILSVRC2012_val_00034021.png,498,498,589,True,535,True,498,False
ILSVRC2012_val_00022945.png,499,499,499,False,455,True,499,False
ILSVRC2012_val_00038966.png,500,500,79,True,79,True,500,False
ILSVRC2012_val_00013091.png,501,501,384,True,384,True,501,False
ILSVRC2012_val_00038702.png,502,502,328,True,328,True,502,False
ILSVRC2012_val_00008871.png,503,503,843,True,843,True,503,False
ILSVRC2012_val_00028646.png,504,504,504,False,504,False,504,False
ILSVRC2012_val_00045860.png,505,505,632,True,969,True,505,False
ILSVRC2012_val_00020255.png,506,506,402,True,402,True,506,False
ILSVRC2012_val_00003496.png,507,507,641,True,641,True,507,False
ILSVRC2012_val_00046376.png,508,508,546,True,427,True,508,False
ILSVRC2012_val_00026428.png,509,509,751,True,751,True,509,False
ILSVRC2012_val_00034518.png,510,510,510,False,510,False,510,False
ILSVRC2012_val_00029800.png,511,511,764,True,764,True,511,False
ILSVRC2012_val_00036091.png,512,512,818,True,818,True,512,False
ILSVRC2012_val_00039009.png,513,513,825,True,415,True,513,False
ILSVRC2012_val_00004054.png,514,514,642,True,642,True,514,False
ILSVRC2012_val_00034753.png,515,515,701,True,701,True,563,True
ILSVRC2012_val_00005719.png,516,516,721,True,721,True,681,True
ILSVRC2012_val_00010259.png,517,517,432,True,432,True,517,False
ILSVRC2012_val_00016372.png,518,518,317,True,317,True,518,False
ILSVRC2012_val_00031743.png,519,519,788,True,788,True,519,False
ILSVRC2012_val_00016539.png,520,520,508,True,508,True,520,False
ILSVRC2012_val_00004602.png,521,521,51,True,51,True,521,False
ILSVRC2012_val_00021118.png,522,522,515,True,515,True,522,False
ILSVRC2012_val_00031771.png,523,523,817,True,817,True,523,False
ILSVRC2012_val_00005672.png,524,524,772,True,772,True,524,False
ILSVRC2012_val_00049883.png,525,462,589,True,589,True,525,False
ILSVRC2012_val_00038717.png,526,526,463,True,463,True,526,False
ILSVRC2012_val_00044861.png,527,527,591,True,540,True,527,False
ILSVRC2012_val_00014012.png,528,528,689,True,689,True,528,False
ILSVRC2012_val_00030193.png,529,529,827,True,827,True,529,False
ILSVRC2012_val_00023284.png,530,530,328,True,328,True,530,False
ILSVRC2012_val_00010019.png,531,531,486,True,531,False,531,False
ILSVRC2012_val_00039835.png,532,532,827,True,827,True,532,False
ILSVRC2012_val_00021888.png,533,533,766,True,766,True,533,False
ILSVRC2012_val_00029386.png,534,534,825,True,534,False,534,False
ILSVRC2012_val_00020884.png,535,535,750,True,750,True,535,False
ILSVRC2012_val_00039566.png,536,536,641,True,641,True,536,False
ILSVRC2012_val_00027221.png,537,537,781,True,781,True,537,False
ILSVRC2012_val_00043960.png,538,538,250,True,250,True,538,False
ILSVRC2012_val_00045649.png,539,539,863,True,742,True,539,False
ILSVRC2012_val_00035316.png,540,540,612,True,742,True,540,False
ILSVRC2012_val_00023790.png,541,541,418,True,725,True,541,False
ILSVRC2012_val_00021702.png,542,542,972,True,972,True,542,False
ILSVRC2012_val_00027965.png,543,543,771,True,771,True,543,False
ILSVRC2012_val_00006779.png,544,544,701,True,701,True,544,False
ILSVRC2012_val_00012450.png,545,545,925,True,925,True,545,False
ILSVRC2012_val_00004346.png,546,546,869,True,869,True,546,False
ILSVRC2012_val_00041609.png,547,547,685,True,685,True,547,False
ILSVRC2012_val_00023549.png,548,548,600,True,600,True,548,False
ILSVRC2012_val_00016250.png,549,549,515,True,515,True,549,False
ILSVRC2012_val_00021245.png,550,550,863,True,863,True,550,False
ILSVRC2012_val_00012573.png,551,551,542,True,794,True,551,False
ILSVRC2012_val_00004160.png,552,552,829,True,829,True,634,True
ILSVRC2012_val_00046806.png,553,553,659,True,364,True,553,False
ILSVRC2012_val_00005618.png,554,554,791,True,791,True,402,True
ILSVRC2012_val_00039559.png,555,555,555,False,555,False,555,False
ILSVRC2012_val_00029595.png,556,556,48,True,48,True,556,False
ILSVRC2012_val_00012175.png,557,557,165,True,165,True,557,False
ILSVRC2012_val_00012078.png,558,558,863,True,863,True,558,False
ILSVRC2012_val_00037909.png,559,559,535,True,535,True,559,False
ILSVRC2012_val_00012771.png,560,560,51,True,51,True,560,False
ILSVRC2012_val_00030254.png,561,561,535,True,535,True,561,False
ILSVRC2012_val_00018047.png,562,562,782,True,402,True,562,False
ILSVRC2012_val_00016149.png,563,563,463,True,463,True,563,False
ILSVRC2012_val_00021816.png,564,564,110,True,110,True,564,False
ILSVRC2012_val_00019307.png,565,565,117,True,117,True,565,False
ILSVRC2012_val_00033953.png,566,566,570,True,570,True,566,False
ILSVRC2012_val_00007536.png,567,567,876,True,876,True,567,False
ILSVRC2012_val_00030273.png,568,568,910,True,910,True,545,True
ILSVRC2012_val_00027815.png,569,569,529,True,529,True,569,False
ILSVRC2012_val_00026865.png,570,570,51,True,51,True,570,False
ILSVRC2012_val_00009791.png,571,571,457,True,457,True,571,False
ILSVRC2012_val_00013436.png,572,572,708,True,708,True,572,False
ILSVRC2012_val_00049793.png,573,573,573,False,573,False,573,False
ILSVRC2012_val_00042017.png,574,574,757,True,809,True,574,False
ILSVRC2012_val_00013633.png,575,575,210,True,283,True,575,False
ILSVRC2012_val_00012668.png,576,576,604,True,576,False,576,False
ILSVRC2012_val_00010337.png,577,577,364,True,563,True,577,False
ILSVRC2012_val_00002032.png,578,578,893,True,869,True,578,False
ILSVRC2012_val_00047427.png,579,579,110,True,110,True,579,False
ILSVRC2012_val_00016899.png,580,580,882,True,882,True,580,False
ILSVRC2012_val_00021681.png,581,581,772,True,772,True,581,False
ILSVRC2012_val_00021911.png,582,582,701,True,701,True,582,False
ILSVRC2012_val_00035884.png,583,583,146,True,954,True,583,False
ILSVRC2012_val_00041424.png,584,584,734,True,734,True,584,False
ILSVRC2012_val_00038731.png,585,585,680,True,680,True,585,False
ILSVRC2012_val_00005670.png,586,586,252,True,252,True,586,False
ILSVRC2012_val_00028658.png,587,587,841,True,841,True,848,True
ILSVRC2012_val_00032002.png,588,588,204,True,204,True,588,False
ILSVRC2012_val_00049590.png,589,589,960,True,960,True,791,True
ILSVRC2012_val_00007124.png,590,590,817,True,817,True,590,False
ILSVRC2012_val_00003188.png,591,591,768,True,768,True,591,False
ILSVRC2012_val_00044989.png,592,592,68,True,68,True,592,False
ILSVRC2012_val_00038630.png,593,593,665,True,665,True,593,False
ILSVRC2012_val_00030826.png,594,594,863,True,863,True,594,False
ILSVRC2012_val_00039186.png,595,595,193,True,360,True,595,False
ILSVRC2012_val_00046905.png,596,596,863,True,110,True,867,True
ILSVRC2012_val_00038419.png,597,597,957,True,940,True,597,False
ILSVRC2012_val_00035955.png,598,598,50,True,50,True,598,False
ILSVRC2012_val_00025117.png,599,599,399,True,399,True,599,False
ILSVRC2012_val_00036530.png,600,600,600,False,600,False,600,False
ILSVRC2012_val_00000575.png,601,601,507,True,647,True,601,False
ILSVRC2012_val_00021106.png,602,602,458,True,458,True,602,False
ILSVRC2012_val_00014669.png,603,603,684,True,489,True,603,False
ILSVRC2012_val_00013067.png,604,604,268,True,9,True,604,False
ILSVRC2012_val_00048860.png,605,605,605,False,605,False,605,False
ILSVRC2012_val_00030161.png,606,606,37,True,37,True,606,False
ILSVRC2012_val_00029840.png,607,607,619,True,619,True,607,False
ILSVRC2012_val_00009971.png,608,608,670,True,722,True,608,False
ILSVRC2012_val_00032573.png,609,609,851,True,851,True,609,False
ILSVRC2012_val_00026466.png,610,610,809,True,610,False,610,False
ILSVRC2012_val_00004520.png,611,611,328,True,328,True,611,False
ILSVRC2012_val_00017238.png,612,612,749,True,751,True,751,True
ILSVRC2012_val_00043161.png,613,613,625,True,455,True,613,False
ILSVRC2012_val_00003233.png,614,614,37,True,37,True,674,True
ILSVRC2012_val_00049234.png,615,615,972,True,972,True,615,False
ILSVRC2012_val_00048489.png,616,616,797,True,797,True,616,False
ILSVRC2012_val_00009095.png,617,617,515,True,515,True,617,False
ILSVRC2012_val_00038063.png,618,618,510,True,510,True,861,True
ILSVRC2012_val_00046392.png,619,619,507,True,507,True,619,False
ILSVRC2012_val_00044447.png,620,620,67,True,412,True,620,False
ILSVRC2012_val_00038104.png,621,621,919,True,919,True,621,False
ILSVRC2012_val_00009771.png,622,622,791,True,791,True,622,False
ILSVRC2012_val_00036313.png,623,623,486,True,532,True,623,False
ILSVRC2012_val_00024027.png,624,624,750,True,750,True,624,False
ILSVRC2012_val_00027584.png,625,625,665,True,665,True,625,False
ILSVRC2012_val_00042196.png,626,626,537,True,537,True,626,False
ILSVRC2012_val_00005722.png,627,627,645,True,645,True,627,False
ILSVRC2012_val_00039264.png,628,628,628,False,628,False,628,False
ILSVRC2012_val_00002093.png,629,629,629,False,629,False,629,False
ILSVRC2012_val_00030534.png,630,630,701,True,701,True,630,False
ILSVRC2012_val_00021725.png,631,631,863,True,863,True,631,False
ILSVRC2012_val_00045590.png,632,632,589,True,589,True,632,False
ILSVRC2012_val_00010819.png,633,633,607,True,564,True,633,False
ILSVRC2012_val_00044571.png,634,634,954,True,957,True,634,False
ILSVRC2012_val_00022675.png,635,635,863,True,863,True,635,False
ILSVRC2012_val_00032353.png,636,636,508,True,508,True,636,False
ILSVRC2012_val_00027741.png,637,637,80,True,749,True,637,False
ILSVRC2012_val_00011151.png,638,638,507,True,507,True,638,False
ILSVRC2012_val_00007053.png,639,639,578,True,578,True,613,True
ILSVRC2012_val_00017142.png,640,640,51,True,863,True,640,False
ILSVRC2012_val_00048354.png,641,641,539,True,539,True,641,False
ILSVRC2012_val_00026768.png,642,642,401,True,401,True,642,False
ILSVRC2012_val_00040861.png,643,643,384,True,384,True,643,False
ILSVRC2012_val_00016941.png,644,644,328,True,328,True,644,False
ILSVRC2012_val_00041898.png,645,645,546,True,754,True,645,False
ILSVRC2012_val_00021102.png,646,646,542,True,787,True,646,False
ILSVRC2012_val_00044403.png,647,647,635,True,596,True,647,False
ILSVRC2012_val_00007887.png,648,648,42,True,42,True,648,False
ILSVRC2012_val_00020086.png,649,649,535,True,535,True,649,False
ILSVRC2012_val_00018372.png,650,650,964,True,749,True,650,False
ILSVRC2012_val_00031013.png,651,651,700,True,504,True,651,False
ILSVRC2012_val_00008779.png,652,652,463,True,463,True,652,False
ILSVRC2012_val_00043287.png,653,653,829,True,829,True,653,False
ILSVRC2012_val_00036896.png,654,654,364,True,364,True,654,False
ILSVRC2012_val_00027157.png,655,655,252,True,252,True,655,False
ILSVRC2012_val_00010375.png,656,656,546,True,396,True,584,True
ILSVRC2012_val_00044089.png,657,657,430,True,582,True,437,True
ILSVRC2012_val_00026052.png,658,658,364,True,364,True,658,False
ILSVRC2012_val_00034524.png,659,659,328,True,328,True,659,False
ILSVRC2012_val_00029594.png,660,660,809,True,809,True,660,False
ILSVRC2012_val_00035097.png,661,661,868,True,868,True,661,False
ILSVRC2012_val_00029553.png,662,662,792,True,792,True,662,False
ILSVRC2012_val_00025706.png,663,663,701,True,701,True,663,False
ILSVRC2012_val_00029842.png,664,664,699,True,699,True,664,False
ILSVRC2012_val_00049784.png,665,665,68,True,122,True,599,True
ILSVRC2012_val_00004104.png,666,666,707,True,707,True,671,True
ILSVRC2012_val_00014930.png,667,667,489,True,489,True,667,False
ILSVRC2012_val_00044851.png,668,668,880,True,453,True,668,False
ILSVRC2012_val_00031119.png,669,669,449,True,449,True,669,False
ILSVRC2012_val_00000859.png,670,670,701,True,565,True,670,False
ILSVRC2012_val_00022401.png,671,671,546,True,546,True,671,False
ILSVRC2012_val_00042426.png,672,672,490,True,490,True,672,False
ILSVRC2012_val_00045084.png,673,673,535,True,535,True,673,False
ILSVRC2012_val_00045539.png,674,674,254,True,254,True,674,False
ILSVRC2012_val_00020103.png,675,675,317,True,269,True,675,False
ILSVRC2012_val_00009793.png,676,676,772,True,772,True,676,False
ILSVRC2012_val_00021342.png,677,677,37,True,841,True,677,False
ILSVRC2012_val_00004229.png,678,678,317,True,317,True,678,False
ILSVRC2012_val_00023271.png,679,679,569,True,569,True,679,False
ILSVRC2012_val_00019174.png,680,680,456,True,456,True,680,False
ILSVRC2012_val_00000540.png,681,681,950,True,950,True,585,True
ILSVRC2012_val_00015715.png,682,682,364,True,364,True,682,False
ILSVRC2012_val_00017506.png,683,683,110,True,825,True,683,False
ILSVRC2012_val_00020445.png,684,684,490,True,490,True,684,False
ILSVRC2012_val_00031571.png,685,685,632,True,701,True,685,False
ILSVRC2012_val_00008691.png,686,686,686,False,686,False,686,False
ILSVRC2012_val_00046519.png,687,687,754,True,754,True,687,False
ILSVRC2012_val_00009172.png,688,688,688,False,688,False,688,False
ILSVRC2012_val_00005023.png,689,689,919,True,863,True,689,False
ILSVRC2012_val_00041091.png,690,690,988,True,328,True,690,False
ILSVRC2012_val_00014640.png,691,691,356,True,356,True,354,True
ILSVRC2012_val_00039176.png,692,692,367,True,367,True,692,False
ILSVRC2012_val_00019016.png,693,693,515,True,515,True,693,False
ILSVRC2012_val_00016218.png,694,694,589,True,589,True,694,False
ILSVRC2012_val_00032590.png,695,695,756,True,756,True,695,False
ILSVRC2012_val_00025473.png,696,696,491,True,489,True,696,False
ILSVRC2012_val_00005694.png,697,697,716,True,716,True,697,False
ILSVRC2012_val_00028828.png,698,698,152,True,152,True,698,False
ILSVRC2012_val_00023227.png,699,699,268,True,228,True,699,False
ILSVRC2012_val_00047439.png,700,700,769,True,753,True,700,False
ILSVRC2012_val_00013889.png,701,701,721,True,721,True,701,False
ILSVRC2012_val_00007616.png,702,702,869,True,702,False,702,False
ILSVRC2012_val_00011647.png,703,703,788,True,557,True,703,False
ILSVRC2012_val_00032798.png,704,704,535,True,424,True,704,False
ILSVRC2012_val_00028312.png,705,705,749,True,546,True,705,False
ILSVRC2012_val_00024310.png,706,706,535,True,535,True,706,False
ILSVRC2012_val_00048451.png,707,707,51,True,51,True,707,False
ILSVRC2012_val_00041733.png,708,708,463,True,589,True,708,False
ILSVRC2012_val_00034875.png,709,709,600,True,756,True,683,True
ILSVRC2012_val_00043488.png,710,710,617,True,912,True,710,False
ILSVRC2012_val_00022443.png,711,711,701,True,701,True,711,False
ILSVRC2012_val_00047385.png,712,712,402,True,402,True,712,False
ILSVRC2012_val_00047393.png,713,713,794,True,794,True,794,True
ILSVRC2012_val_00024977.png,714,714,999,True,701,True,714,False
ILSVRC2012_val_00029992.png,715,715,227,True,539,True,715,False
ILSVRC2012_val_00045639.png,716,716,698,True,698,True,716,False
ILSVRC2012_val_00034416.png,717,717,717,False,717,False,717,False
ILSVRC2012_val_00033589.png,718,718,437,True,437,True,718,False
ILSVRC2012_val_00029034.png,719,719,919,True,919,True,719,False
ILSVRC2012_val_00029449.png,720,720,762,True,465,True,685,True
ILSVRC2012_val_00003066.png,721,721,479,True,479,True,721,False
ILSVRC2012_val_00033701.png,722,722,960,True,925,True,722,False
ILSVRC2012_val_00033175.png,723,723,362,True,362,True,723,False
ILSVRC2012_val_00027597.png,724,724,724,False,724,False,724,False
ILSVRC2012_val_00037776.png,725,725,754,True,754,True,725,False
ILSVRC2012_val_00018614.png,726,726,850,True,884,True,726,False
ILSVRC2012_val_00008288.png,727,727,841,True,791,True,727,False
ILSVRC2012_val_00019396.png,728,728,402,True,751,True,728,False
ILSVRC2012_val_00035198.png,729,729,109,True,109,True,729,False
ILSVRC2012_val_00022290.png,730,730,575,True,575,True,730,False
ILSVRC2012_val_00038945.png,731,731,791,True,867,True,867,True
ILSVRC2012_val_00006905.png,732,732,110,True,816,True,732,False
ILSVRC2012_val_00014850.png,733,733,456,True,760,True,733,False
ILSVRC2012_val_00038951.png,734,734,701,True,701,True,603,True
ILSVRC2012_val_00020853.png,735,735,657,True,582,True,735,False
ILSVRC2012_val_00030147.png,736,736,912,True,589,True,736,False
ILSVRC2012_val_00046005.png,737,737,523,True,723,True,737,False
ILSVRC2012_val_00030143.png,738,738,428,True,839,True,738,False
ILSVRC2012_val_00016454.png,739,739,45,True,45,True,739,False
ILSVRC2012_val_00026538.png,740,740,578,True,578,True,740,False
ILSVRC2012_val_00018033.png,741,752,531,True,531,True,741,False
ILSVRC2012_val_00005875.png,742,742,364,True,688,True,742,False
ILSVRC2012_val_00009689.png,743,743,540,True,749,True,743,False
ILSVRC2012_val_00006546.png,744,744,546,True,546,True,744,False
ILSVRC2012_val_00009588.png,745,745,902,True,428,True,745,False
ILSVRC2012_val_00041303.png,746,746,823,True,863,True,746,False
ILSVRC2012_val_00027603.png,747,747,960,True,585,True,747,False
ILSVRC2012_val_00032395.png,748,748,708,True,708,True,748,False
ILSVRC2012_val_00039205.png,749,749,817,True,817,True,749,False
ILSVRC2012_val_00023962.png,750,750,863,True,887,True,750,False
ILSVRC2012_val_00044687.png,751,751,722,True,722,True,751,False
ILSVRC2012_val_00006738.png,752,512,540,True,540,True,752,False
ILSVRC2012_val_00046313.png,753,753,490,True,916,True,753,False
ILSVRC2012_val_00031556.png,754,754,515,True,515,True,754,False
ILSVRC2012_val_00034715.png,755,755,491,True,589,True,755,False
ILSVRC2012_val_00043638.png,756,756,395,True,395,True,756,False
ILSVRC2012_val_00025514.png,757,757,590,True,590,True,741,True
ILSVRC2012_val_00021353.png,758,758,792,True,792,True,758,False
ILSVRC2012_val_00017567.png,759,759,113,True,873,True,759,False
ILSVRC2012_val_00035133.png,760,760,637,True,637,True,760,False
ILSVRC2012_val_00038840.png,761,761,420,True,794,True,522,True
ILSVRC2012_val_00022985.png,762,762,708,True,708,True,762,False
ILSVRC2012_val_00038151.png,763,763,37,True,37,True,763,False
ILSVRC2012_val_00038575.png,764,764,841,True,701,True,764,False
ILSVRC2012_val_00017615.png,765,765,508,True,508,True,765,False
ILSVRC2012_val_00047789.png,766,704,580,True,704,True,766,False
ILSVRC2012_val_00014839.png,767,767,767,False,767,False,767,False
ILSVRC2012_val_00001911.png,768,768,391,True,53,True,588,True
ILSVRC2012_val_00002555.png,769,769,647,True,647,True,769,False
ILSVRC2012_val_00003900.png,770,770,701,True,701,True,770,False
ILSVRC2012_val_00035596.png,771,771,841,True,841,True,771,False
ILSVRC2012_val_00029765.png,772,772,665,True,665,True,772,False
ILSVRC2012_val_00033544.png,773,773,588,True,517,True,773,False
ILSVRC2012_val_00002342.png,774,774,884,True,884,True,774,False
ILSVRC2012_val_00027771.png,775,775,693,True,825,True,775,False
ILSVRC2012_val_00029271.png,776,776,200,True,553,True,776,False
ILSVRC2012_val_00014003.png,777,777,421,True,421,True,777,False
ILSVRC2012_val_00021220.png,778,778,807,True,807,True,778,False
ILSVRC2012_val_00012529.png,779,779,863,True,863,True,779,False
ILSVRC2012_val_00025461.png,780,780,875,True,875,True,780,False
ILSVRC2012_val_00007978.png,781,781,725,True,725,True,781,False
ILSVRC2012_val_00017213.png,782,782,37,True,828,True,782,False
ILSVRC2012_val_00031567.png,783,783,649,True,649,True,783,False
ILSVRC2012_val_00046660.png,784,784,784,False,784,False,784,False
ILSVRC2012_val_00039125.png,785,785,768,True,564,True,785,False
ILSVRC2012_val_00009975.png,786,786,998,True,998,True,786,False
ILSVRC2012_val_00037519.png,787,787,884,True,787,False,787,False
ILSVRC2012_val_00024024.png,788,788,475,True,475,True,788,False
ILSVRC2012_val_00044973.png,789,789,612,True,612,True,789,False
ILSVRC2012_val_00001632.png,790,790,364,True,364,True,790,False
ILSVRC2012_val_00028558.png,791,791,829,True,829,True,791,False
ILSVRC2012_val_00010406.png,792,792,339,True,447,True,792,False
ILSVRC2012_val_00020523.png,793,793,589,True,573,True,793,False
ILSVRC2012_val_00027144.png,794,794,126,True,315,True,679,True
ILSVRC2012_val_00033918.png,795,795,726,True,589,True,795,False
ILSVRC2012_val_00024679.png,796,796,808,True,808,True,796,False
ILSVRC2012_val_00011305.png,797,797,679,True,679,True,797,False
ILSVRC2012_val_00045067.png,798,798,432,True,432,True,798,False
ILSVRC2012_val_00006464.png,799,799,799,False,799,False,799,False
ILSVRC2012_val_00029411.png,800,800,515,True,515,True,800,False
ILSVRC2012_val_00013787.png,801,801,708,True,708,True,801,False
ILSVRC2012_val_00010908.png,802,802,589,True,589,True,802,False
ILSVRC2012_val_00009236.png,803,803,395,True,395,True,803,False
ILSVRC2012_val_00014617.png,804,804,758,True,758,True,804,False
ILSVRC2012_val_00005424.png,805,805,701,True,701,True,846,True
ILSVRC2012_val_00024334.png,806,806,430,True,430,True,806,False
ILSVRC2012_val_00031652.png,807,807,807,False,807,False,807,False
ILSVRC2012_val_00028650.png,808,808,561,True,561,True,808,False
ILSVRC2012_val_00020420.png,809,809,999,True,999,True,809,False
ILSVRC2012_val_00001296.png,810,810,925,True,925,True,925,True
ILSVRC2012_val_00030759.png,811,811,879,True,879,True,811,False
ILSVRC2012_val_00040031.png,812,812,919,True,919,True,812,False
ILSVRC2012_val_00004703.png,813,813,863,True,863,True,813,False
ILSVRC2012_val_00003369.png,814,814,912,True,912,True,767,True
ILSVRC2012_val_00042203.png,815,815,683,True,683,True,815,False
ILSVRC2012_val_00048313.png,816,816,490,True,490,True,816,False
ILSVRC2012_val_00034139.png,817,817,315,True,315,True,817,False
ILSVRC2012_val_00049675.png,818,818,563,True,563,True,818,False
ILSVRC2012_val_00018294.png,819,819,701,True,701,True,819,False
ILSVRC2012_val_00043679.png,820,820,63,True,465,True,820,False
ILSVRC2012_val_00000544.png,821,821,792,True,563,True,821,False
ILSVRC2012_val_00012942.png,822,822,789,True,789,True,822,False
ILSVRC2012_val_00015062.png,823,823,972,True,972,True,823,False
ILSVRC2012_val_00045154.png,824,824,686,True,686,True,824,False
ILSVRC2012_val_00026365.png,825,825,805,True,805,True,825,False
ILSVRC2012_val_00008677.png,826,826,799,True,799,True,826,False
ILSVRC2012_val_00025757.png,827,827,847,True,847,True,827,False
ILSVRC2012_val_00001174.png,828,828,853,True,853,True,828,False
ILSVRC2012_val_00014495.png,829,829,600,True,600,True,829,False
ILSVRC2012_val_00033772.png,830,830,455,True,455,True,830,False
ILSVRC2012_val_00002731.png,831,831,364,True,364,True,831,False
ILSVRC2012_val_00047922.png,832,832,863,True,863,True,832,False
ILSVRC2012_val_00012967.png,833,833,462,True,788,True,833,False
ILSVRC2012_val_00034762.png,834,834,833,True,833,True,834,False
ILSVRC2012_val_00049025.png,835,835,458,True,458,True,835,False
ILSVRC2012_val_00037849.png,836,836,669,True,499,True,836,False
ILSVRC2012_val_00041874.png,837,837,841,True,841,True,837,False
ILSVRC2012_val_00019127.png,838,838,301,True,314,True,458,True
ILSVRC2012_val_00011004.png,839,839,701,True,701,True,839,False
ILSVRC2012_val_00041283.png,840,840,719,True,792,True,840,False
ILSVRC2012_val_00038364.png,841,841,659,True,659,True,841,False
ILSVRC2012_val_00002955.png,842,842,550,True,729,True,842,False
ILSVRC2012_val_00045851.png,843,843,113,True,113,True,843,False
ILSVRC2012_val_00044683.png,844,844,844,False,844,False,844,False
ILSVRC2012_val_00048738.png,845,845,701,True,701,True,845,False
ILSVRC2012_val_00028109.png,846,846,110,True,110,True,846,False
ILSVRC2012_val_00024312.png,847,847,919,True,919,True,847,False
ILSVRC2012_val_00034135.png,848,848,919,True,919,True,587,True
ILSVRC2012_val_00042077.png,849,849,509,True,760,True,849,False
ILSVRC2012_val_00049748.png,850,850,732,True,817,True,850,False
ILSVRC2012_val_00046628.png,851,851,950,True,950,True,851,False
ILSVRC2012_val_00022274.png,852,852,791,True,791,True,852,False
ILSVRC2012_val_00049400.png,853,853,581,True,765,True,853,False
ILSVRC2012_val_00046482.png,854,854,826,True,826,True,854,False
ILSVRC2012_val_00006662.png,855,855,985,True,985,True,855,False
ILSVRC2012_val_00011341.png,856,856,721,True,721,True,856,False
ILSVRC2012_val_00029312.png,857,857,556,True,556,True,857,False
ILSVRC2012_val_00004705.png,858,858,954,True,880,True,858,False
ILSVRC2012_val_00018247.png,859,859,612,True,612,True,859,False
ILSVRC2012_val_00040041.png,860,860,430,True,430,True,860,False
ILSVRC2012_val_00044655.png,861,861,589,True,589,True,861,False
ILSVRC2012_val_00033168.png,862,862,863,True,863,True,862,False
ILSVRC2012_val_00005528.png,863,863,269,True,645,True,863,False
ILSVRC2012_val_00000809.png,864,864,957,True,294,True,864,False
ILSVRC2012_val_00021814.png,865,865,849,True,758,True,865,False
ILSVRC2012_val_00000579.png,866,866,229,True,229,True,844,True
ILSVRC2012_val_00024074.png,867,867,867,False,867,False,867,False
ILSVRC2012_val_00018084.png,868,868,868,False,868,False,868,False
ILSVRC2012_val_00027040.png,869,869,463,True,463,True,869,False
ILSVRC2012_val_00024006.png,870,870,972,True,989,True,870,False
ILSVRC2012_val_00020297.png,871,871,294,True,294,True,871,False
ILSVRC2012_val_00005581.png,872,872,110,True,110,True,872,False
ILSVRC2012_val_00011069.png,873,873,68,True,68,True,873,False
ILSVRC2012_val_00030634.png,874,874,541,True,699,True,874,False
ILSVRC2012_val_00038949.png,875,875,661,True,758,True,875,False
ILSVRC2012_val_00007362.png,876,876,594,True,594,True,876,False
ILSVRC2012_val_00013218.png,877,877,325,True,392,True,877,False
ILSVRC2012_val_00002459.png,878,878,807,True,807,True,878,False
ILSVRC2012_val_00044306.png,879,879,685,True,685,True,879,False
ILSVRC2012_val_00017127.png,880,880,919,True,825,True,880,False
ILSVRC2012_val_00016269.png,881,881,252,True,252,True,881,False
ILSVRC2012_val_00030586.png,882,882,515,True,515,True,882,False
ILSVRC2012_val_00047419.png,883,883,421,True,421,True,883,False
ILSVRC2012_val_00031592.png,884,884,51,True,51,True,726,True
ILSVRC2012_val_00019945.png,885,885,885,False,885,False,885,False
ILSVRC2012_val_00025160.png,886,886,762,True,762,True,886,False
ILSVRC2012_val_00007841.png,887,887,701,True,701,True,887,False
ILSVRC2012_val_00003578.png,888,888,364,True,364,True,888,False
ILSVRC2012_val_00012169.png,889,889,364,True,25,True,889,False
ILSVRC2012_val_00036991.png,890,890,694,True,753,True,890,False
ILSVRC2012_val_00021825.png,891,891,216,True,213,True,891,False
ILSVRC2012_val_00040911.png,892,892,509,True,509,True,892,False
ILSVRC2012_val_00030330.png,893,893,62,True,62,True,893,False
ILSVRC2012_val_00016256.png,894,894,675,True,791,True,894,False
ILSVRC2012_val_00005087.png,895,895,700,True,700,True,468,True
ILSVRC2012_val_00020759.png,896,896,395,True,395,True,896,False
ILSVRC2012_val_00013523.png,897,897,773,True,701,True,897,False
ILSVRC2012_val_00049921.png,898,898,452,True,636,True,898,False
ILSVRC2012_val_00014215.png,899,899,795,True,795,True,899,False
ILSVRC2012_val_00043815.png,900,900,110,True,110,True,900,False
ILSVRC2012_val_00037082.png,901,901,901,False,901,False,901,False
ILSVRC2012_val_00042683.png,902,902,701,True,701,True,902,False
ILSVRC2012_val_00039649.png,903,903,708,True,873,True,903,False
ILSVRC2012_val_00006204.png,904,904,612,True,612,True,904,False
ILSVRC2012_val_00011364.png,905,905,319,True,319,True,905,False
ILSVRC2012_val_00041315.png,906,906,383,True,905,True,906,False
ILSVRC2012_val_00005652.png,907,907,701,True,701,True,907,False
ILSVRC2012_val_00016360.png,908,441,919,True,988,True,908,False
ILSVRC2012_val_00029081.png,909,909,405,True,405,True,909,False
ILSVRC2012_val_00003240.png,910,910,798,True,798,True,910,False
ILSVRC2012_val_00008796.png,911,911,345,True,807,True,911,False
ILSVRC2012_val_00035088.png,912,912,617,True,617,True,912,False
ILSVRC2012_val_00026143.png,913,913,460,True,460,True,913,False
ILSVRC2012_val_00042772.png,914,914,757,True,791,True,914,False
ILSVRC2012_val_00044801.png,915,915,781,True,781,True,915,False
ILSVRC2012_val_00000839.png,916,916,409,True,563,True,916,False
ILSVRC2012_val_00028582.png,917,917,779,True,572,True,917,False
ILSVRC2012_val_00012581.png,918,918,786,True,786,True,918,False
ILSVRC2012_val_00004799.png,919,919,47,True,312,True,919,False
ILSVRC2012_val_00036374.png,920,920,801,True,699,True,920,False
ILSVRC2012_val_00041032.png,921,921,647,True,110,True,921,False
ILSVRC2012_val_00009121.png,922,922,653,True,653,True,922,False
ILSVRC2012_val_00037378.png,923,923,705,True,705,True,922,True
ILSVRC2012_val_00003935.png,924,924,456,True,456,True,924,False
ILSVRC2012_val_00041996.png,925,925,925,False,925,False,925,False
ILSVRC2012_val_00017524.png,926,926,869,True,701,True,926,False
ILSVRC2012_val_00007171.png,927,810,957,True,957,True,470,True
ILSVRC2012_val_00006755.png,928,928,829,True,771,True,928,False
ILSVRC2012_val_00004495.png,929,929,939,True,939,True,962,True
ILSVRC2012_val_00048328.png,930,930,774,True,701,True,930,False
ILSVRC2012_val_00005025.png,931,931,963,True,963,True,931,False
ILSVRC2012_val_00043248.png,932,932,192,True,192,True,932,False
ILSVRC2012_val_00038744.png,933,933,974,True,974,True,933,False
ILSVRC2012_val_00004041.png,934,934,960,True,960,True,934,False
ILSVRC2012_val_00003930.png,935,935,720,True,720,True,935,False
ILSVRC2012_val_00042589.png,936,936,997,True,727,True,936,False
ILSVRC2012_val_00037102.png,937,937,456,True,456,True,937,False
ILSVRC2012_val_00038518.png,938,938,193,True,193,True,938,False
ILSVRC2012_val_00007774.png,939,939,939,False,939,False,939,False
ILSVRC2012_val_00017362.png,940,940,490,True,364,True,940,False
ILSVRC2012_val_00021629.png,941,941,553,True,553,True,941,False
ILSVRC2012_val_00024232.png,942,942,964,True,964,True,942,False
ILSVRC2012_val_00038404.png,943,943,283,True,807,True,943,False
ILSVRC2012_val_00022886.png,944,944,40,True,680,True,944,False
ILSVRC2012_val_00035395.png,945,945,80,True,80,True,945,False
ILSVRC2012_val_00027571.png,946,946,950,True,950,True,950,True
ILSVRC2012_val_00011027.png,947,947,947,False,947,False,947,False
ILSVRC2012_val_00048066.png,948,948,28,True,28,True,948,False
ILSVRC2012_val_00016141.png,949,949,701,True,863,True,949,False
ILSVRC2012_val_00031440.png,950,950,285,True,110,True,950,False
ILSVRC2012_val_00045114.png,951,951,952,True,952,True,951,False
ILSVRC2012_val_00001671.png,952,952,951,True,951,True,952,False
ILSVRC2012_val_00007013.png,953,953,515,True,644,True,953,False
ILSVRC2012_val_00004198.png,954,954,18,True,955,True,954,False
ILSVRC2012_val_00009227.png,955,955,37,True,37,True,955,False
ILSVRC2012_val_00048159.png,956,956,575,True,575,True,956,False
ILSVRC2012_val_00002644.png,957,957,371,True,371,True,957,False
ILSVRC2012_val_00010111.png,958,958,753,True,110,True,953,True
ILSVRC2012_val_00011427.png,959,959,341,True,341,True,959,False
ILSVRC2012_val_00013472.png,960,960,700,True,645,True,960,False
ILSVRC2012_val_00004935.png,961,961,869,True,869,True,961,False
ILSVRC2012_val_00032598.png,962,962,797,True,797,True,962,False
ILSVRC2012_val_00008075.png,963,963,829,True,925,True,924,True
ILSVRC2012_val_00015007.png,964,964,892,True,892,True,964,False
ILSVRC2012_val_00030875.png,965,965,956,True,465,True,965,False
ILSVRC2012_val_00010112.png,966,966,988,True,988,True,966,False
ILSVRC2012_val_00049309.png,967,967,605,True,605,True,967,False
ILSVRC2012_val_00028396.png,968,968,919,True,863,True,968,False
ILSVRC2012_val_00045302.png,969,969,863,True,863,True,969,False
ILSVRC2012_val_00019012.png,970,810,238,True,238,True,970,False
ILSVRC2012_val_00001292.png,971,971,46,True,653,True,971,False
ILSVRC2012_val_00010016.png,972,972,817,True,817,True,972,False
ILSVRC2012_val_00047843.png,973,973,385,True,385,True,973,False
ILSVRC2012_val_00015661.png,974,974,364,True,328,True,974,False
ILSVRC2012_val_00035544.png,975,975,975,False,975,False,975,False
ILSVRC2012_val_00003311.png,976,976,589,True,589,True,976,False
ILSVRC2012_val_00017332.png,977,977,916,True,916,True,977,False
ILSVRC2012_val_00047284.png,978,978,647,True,647,True,978,False
ILSVRC2012_val_00015471.png,979,979,51,True,463,True,978,True
ILSVRC2012_val_00005742.png,980,980,816,True,816,True,980,False
ILSVRC2012_val_00037959.png,981,981,51,True,490,True,981,False
ILSVRC2012_val_00005037.png,982,982,213,True,177,True,430,True
ILSVRC2012_val_00006006.png,983,983,679,True,679,True,983,False
ILSVRC2012_val_00027675.png,984,984,364,True,397,True,984,False
ILSVRC2012_val_00002321.png,985,985,981,True,971,True,985,False
ILSVRC2012_val_00010143.png,986,986,75,True,75,True,986,False
ILSVRC2012_val_00047346.png,987,987,883,True,883,True,987,False
ILSVRC2012_val_00048526.png,988,988,858,True,858,True,988,False
ILSVRC2012_val_00012754.png,989,989,114,True,114,True,989,False
ILSVRC2012_val_00006512.png,990,990,958,True,619,True,990,False
ILSVRC2012_val_00045215.png,991,991,950,True,950,True,991,False
ILSVRC2012_val_00044046.png,992,992,992,False,992,False,992,False
ILSVRC2012_val_00047343.png,993,993,736,True,974,True,993,False
ILSVRC2012_val_00042619.png,994,994,156,True,156,True,994,False
ILSVRC2012_val_00029762.png,995,995,349,True,110,True,995,False
ILSVRC2012_val_00004629.png,996,996,309,True,309,True,996,False
ILSVRC2012_val_00020929.png,997,997,954,True,954,True,997,False
ILSVRC2012_val_00025648.png,998,998,110,True,110,True,998,False
ILSVRC2012_val_00000412.png,999,999,988,True,988,True,999,False
ILSVRC2012_val_00041747.png,1000,1000,589,True,563,True,1000,False
